Company Name,Location,Sector,age_first_funding_year,age_last_funding_year,age_first_milestone_year,age_last_milestone_year,relationships,milestones,funding_rounds,Amount,Stage,Founders,has_VC,has_angel
LoadShare,Bangalore,Logistics & Supply Chain,2.2493,3.0027,4.6685,6.7041,3,3,3,"4,00,00,000",Series C,"Raghuram Talluri, Pramod Nair",0,1
Scaler,Bangalore,E-learning,5.126,9.9973,7.0055,7.0055,9,1,4,"5,50,00,000",,Abhimanyu Saxena,1,0
Chargebee,Chennai,Financial Services,1.0329,1.0329,1.4575,2.2055,5,4,1,"25,00,00,000",,"Krish Subramanian, Thiyagarajan T, Rajaraman Santhanam, Saravanan KP",0,0
Nautilus Mobile,Pune,Computer Games,3.1315,5.3151,6.0027,6.0027,5,1,3,"54,00,000",,Rajan Navani,0,0
Waterfield Advisors,Mumbai,Financial Services,0,1.6685,0.0384,0.0384,2,1,2,"60,00,000",Series B,Soumya Rajan,1,1
OneTo11,Noida,Sports,4.5452,4.5452,5.0027,5.0027,3,1,1,"25,00,000",Seed,Ravindra Kumar,0,0
Scrut Automation,Bangalore,Information Technology & Services,1.7205,5.211,3,6.6082,6,2,3,"30,00,000",,"Ayush Ghosh Choudhury, Kush Kaushik",1,0
The Renal Project,Mumbai,Hospital & Health Care,1.6466,6.7616,5.6055,7.3616,25,3,3,,,Shashank Moddhia,0,0
ZERUND,Guwahati,Building Materials,3.5863,11.1123,8.0055,9.9945,13,4,3,Undisclosed,Pre-series A,"Rupam Choudhury, Mousum Talukdar, David Pratim Gogoi",1,0
Zama Organics,Mumbai,Food & Beverages,1.6712,4.6849,2.9178,6.1151,14,4,3,Undisclosed,Pre-series A,Shriya Naheta Wadhwa,1,1
Jar,Bangalore,Financial Services,4.6274,9.4493,10.1342,10.6493,22,3,3,"3,20,00,000",Series A,"Misbah Ashraf, Nishchay AG",0,0
Bombay Shaving Company,New Delhi,Consumer Goods,1.0849,5.337,-0.6164,4.6082,8,2,5,"60,00,000",,Shantanu Deshpande,1,1
Logibricks,Pune,Computer Software,4.9041,4.9041,,,0,0,1,"15,00,000",,"Ameya Shah, Karan Kabra, Shereef Mohammed",1,0
Pillow,Bangalore,Financial Services,0.0192,2.4356,0.7945,4.3781,15,3,3,"30,00,000",Seed,"Arindam Roy, Rajath KM, Kartik Mishra",0,0
SatSure,Bangalore,Defense & Space,4.6658,8.9973,8.8384,8.8384,12,1,5,"50,00,000",Pre-series A,"Prateep Basu, Rashmit Singh Sukhmani, Abhishek Raju",0,0
Trifecta Capital,Gurgaon,Venture Capital & Private Equity,6.6082,6.6082,,,0,0,1,"20,00,00,000",,"Rahul Khanna, Nilesh Kothari",1,0
Kritsnam,Hyderabad,Information Technology & Services,2.5863,6.7644,5.5014,5.5014,8,1,5,"8,00,000",Pre-series A,"K Sri Harsha, Prudhvi Sagar, Vinay Chataraju, Neeraj Rai",1,0
Dvara SmartGold,Mumbai,Financial Services,4.5918,7.1726,-0.4986,12.6795,7,3,4,"20,00,000",Pre-series A,Sanjeev Agarwal,0,0
GoalTeller,Bangalore,Information Technology & Services,0.7425,1.5808,1.2849,3.0027,10,3,3,"5,00,000",Pre-series A,"Vivek Banka, Abhisek Puglia",0,1
Goldsetu,Bangalore,SaaS,2.5014,2.8301,3.0877,3.4932,13,3,2,"12,00,000",Seed,"Vikas Verma, Anuj Sachdev",0,0
Meraqui,Pune,Human Resources,2.2137,3.7863,4.0877,9.4986,8,3,2,"10,00,000",Seed,"Shalin Maheshwari, Lalit Singh",0,1
Elever,Bangalore,Financial Services,3.8329,3.8329,3.7507,3.7507,3,1,1,"7,50,000",,"Anshul Sharan, Ram Subramaniam, Santosh R",0,0
Hero FinCorp,New Delhi,Financial Services,5.4904,5.4904,0,0,1,1,3,"26,70,00,000",,Abhimanyu Munjal,0,0
Livspace,Bangalore,Home interior,-1,3.3151,3.6959,5.663,4,3,3,"18,00,00,000",Series F,"Anuj Srivastava, Ramakant Sharma",0,1
ElasticRun,Pune,B2B E-commerce,0.2521,0.337,,,5,0,2,"30,00,00,000",Series E,"Sandeep Deshmukh, Saurabh Nigam, Shitiz Bansal",0,1
Mintifi,Mumbai,Financial Services,4.8411,4.8411,1,1,3,1,1,,Working Capital to SMEs,,0,0
Anveya Living,Bangalore,Consumer Goods,4.0603,4.0603,3.0027,3.0027,7,1,1,"10,00,000",Seed,"Vivek Singh, Saurav Patnaik",0,0
Kofluence,Bangalore,Marketing & Advertising,4.0685,4.0685,3.4192,5.2301,2,3,1,"40,00,000",Pre-series A,"Sreeram Reddy Vanga, Ritesh Ujjwal",0,0
Mango Point,Chennai,Food & Beverages,2.5068,4.5315,4.9315,5.6767,37,2,5,"2,00,000",,"Manjula Gandhi Rooban, Prasanna Venkatarathnam",1,0
IndiaP2P,Mumbai,Investment Management,1.189,1.189,2.189,7.7753,5,3,1,Undisclosed,Seed,"Neha Juneja, Ravinder Voomidisingh, Mohit Gupta",1,0
Sprinto,Bangalore,Computer Software,1.3534,2.1644,4.5178,4.5178,3,1,2,"1,00,00,000",Series A,"Girish Redekar, Raghuveer Kancherla",0,0
Xpressbees,Pune,Logistics & Supply Chain,4.1534,5.1671,3,3,6,1,2,"30,00,00,000",Series F,"Amitava Saha, Supam Maheshwari",1,0
Wealthy.in,Bangalore,Financial Services,-0.1671,2.0192,,,9,0,2,"75,00,000",Series A,"Aditya Agarwal, Prashant Gupta",0,0
xto10x,Bangalore,Information Technology & Services,0,0.8685,0.4137,2.1671,3,2,2,"2,50,00,000",Series A,"Binny Bansal, Saikiran Krishnamurthy",1,0
Karbon Card,Bangalore,Financial Services,0.0822,0.0822,,,2,0,1,"1,50,00,000",Series A,"Pei-fu Hsieh, Amit Jangir, Kartik Jain, Sunil Sinha",0,1
Oloid,Bangalore,Computer Software,2.6575,2.6575,0,0,1,1,1,"1,20,00,000",Series A,"Madhu Madhusudhanan, Mohit Garg",0,0
Bugworks,Bangalore,Biotechnology,0.6192,1.5945,1,4.3315,8,3,2,"1,80,00,000",Series B1,Anand Anandkumar,0,0
Peakperformer,Bangalore,Professional Training & Coaching,1.063,5.7014,,,0,0,3,"30,00,000",Seed,"Aishwarya Goel, Nilesh Agarwal",0,0
Carbanio,Hyderabad,B2B Marketplace,0.1671,2.6493,0.6082,4.7507,10,3,3,"13,00,000",Seed,"Dr Rafi S, Vijay Devarakonda",0,1
Life & Pursuits,Noida,"Health, Wellness & Fitness",0,5.9041,3.8411,7.137,18,5,7,"5,00,000",,"Mudit Consul, Aditi Consul, Manshu Aneja, Mani Agarwal",1,1
Cercle X,Coimbatore,Environmental Services,0,4.8027,3.7205,7.6164,26,5,4,"2,50,000",Seed,"Vishnu Vardhaan, Divya Shetty",0,0
Spacejoy,Bangalore,Design,0,0.5836,0.5836,0.5945,9,2,2,"40,00,000",Pre-series A,"Arnab Saharoy, Vinay Indresh",0,1
Better Opinions,Gurgaon,Financial Services,0.1041,2.3863,2.3315,2.7918,7,2,2,"10,00,000",Seed,Samay Jain,1,0
Prolance,Bangalore,Furniture,3.4904,3.4904,5.6603,8.3425,10,3,1,"5,00,000",Pre-series A,"Rama Harinath K, Vivek Parasuram, Raghunath Gururajan, Jaisimha Sathyanarayana, Manoj K",0,0
Runo,Secunderabad,Computer Software,4.6658,4.6658,8.7425,10.2247,25,4,1,"5,00,000",Pre-series A,"Rajsekhar Pattnaik, PV Vamsi",0,0
RENEE Cosmetics,Ahmedabad,Cosmetics,2.6247,2.6247,,,4,0,1,"10,00,000",Series A,"Aashka Goradia Goble, Ashutosh Valani, Priyank Shah",0,0
Altigreen,Bangalore,Automotive,0.926,2.9534,0.8329,2.7425,2,3,3,"4,00,00,000",Series A,"Amitabh Saran, Lasse Mocklegaard, Shailendra Gupta, John Bangura",0,1
InMobi’s Glance,Bangalore,Software,0.2466,0.2466,1.1178,1.663,9,2,1,"20,00,00,000",,Naveen Tewari,0,0
Kenko Health,Mumbai,Hospital & Health Care,0.189,1.189,1.3562,1.6575,6,2,2,"1,20,00,000",Series A,"Aniruddha Sen, Dhiraj Goel",0,1
Aulerth,Gurgaon,Luxury Goods & Jewelry,3.2082,3.2082,5.2548,7.8822,11,2,1,"11,00,000",Seed,Vivek Ramabhadran,0,0
AltUni,Mumbai,Education Management,2.5836,2.5836,2,2,5,1,1,"5,00,000",,Ankit Doshi,0,0
GreenPod Labs,Chennai,Biotechnology,1.8932,2.4466,2,3.2767,4,3,2,"5,00,000",Pre-seed,Deepak Rajmohan,0,0
RapiPay,New Delhi,Financial Services,0.7479,0.7479,4.0493,8.3233,12,5,1,"1,50,00,000",,Nipun Jain,0,0
Entri.app,Kochin,E-learning,5.1863,6.8137,7.3342,7.3342,9,1,2,"70,00,000",Series A,Mohammed Hisamuddin,1,0
GOQii,Mumbai,"Health, Wellness & Fitness",0.6712,6.2329,4.0493,7.5973,37,4,6,"5,00,00,000",Series C,Vishal Gondal,1,1
Proactive For Her,Bangalore,"Health, Wellness & Fitness",1.1863,3.4986,,,0,0,2,"55,00,000",Series A,Achitha Jacob,1,0
Actyv.ai,Bangalore,Computer Software,2.1644,4.7616,4.0027,6.7534,13,2,3,"50,00,000",Pre-series A,"Raghunath Subramanian, Raghu Venkat, Ramkumar Thirumurthi",1,0
Lummo,Bangalore,SaaS,4.1041,4.1041,1.9151,1.9151,18,1,1,"8,00,00,000",Series C,Krishnan Menon,0,0
Uniphore,Chennai,Computer Software,1.989,4.1534,2.8986,5.2575,10,4,3,"40,00,00,000",Series E,"Umesh Sachdev, Ravi Saraogi",0,0
Join Ventures,Mumbai,Venture Capital & Private Equity,5.2027,6.189,7.5068,12.8932,6,2,2,"10,00,000",Series A,Tarun Joshi,0,0
AGRIM,Gurgaon,AgriTech,2.7836,10.9507,-1.9151,-1.9151,10,1,3,"1,00,00,000",Series A,"Avi Jain, Mukul Garg",0,0
DealShare,Bangalore,Social commerce,3.4986,3.4986,3,3,6,1,1,"4,50,00,000",Series E,"Rajat Shikhar, Sankar Bora, Sourjyendu Medda, Vineet Rao",0,0
GrowFitter,Mumbai,"Health, Wellness & Fitness",4.0466,9.3041,6.0027,6.0027,2,1,5,"12,00,000",,"Harshit Sethy, Sanmati Pande",1,0
Stellapps,Bangalore,Computer Software,6.3726,6.3726,,,0,0,1,Undisclosed,,Ranjith Mukundan,1,0
Propelld,Bangalore,Financial Services,1.326,2.7836,1.674,3.1342,5,2,3,"3,50,00,000",Series B,"Victor Senapaty, Bibhu Prasad Das",0,0
Pine Labs,Noida,Information Technology & Services,2.6438,2.6438,0,7.3918,4,2,1,"15,00,00,000",,"Lokvir Kapoor, Rajul Garg, Tarun Upadhyay",0,0
Increff,Bangalore,Computer Software,1.0877,1.0877,,,5,0,1,"1,20,00,000",Series B,Rajul Jain,1,0
Krishify,Gurgaon,Social Media,3.9616,6.5205,4.5781,7.6877,4,4,2,"62,00,000",Pre-series A,"Rajesh Ranjan, Manish Agrawal, Avinash Kumar",1,0
Fleetx.io,Gurgaon,Computer Software,7.2548,7.2548,7.0055,7.0055,7,1,1,"1,90,00,000",Series B,"Abhay Jeet Gupta, Udbhav Rai, Parveen Kataria Vishal Misra",0,0
MediBuddy,Bangalore,"Health, Wellness & Fitness",1.3342,3.0247,3.0219,3.337,9,2,3,"12,50,00,000",Series C,"Satish Kannan, Enbasekar",0,1
Happilo,Bangalore,Food & Beverages,0.6795,0.6795,2.9178,4.2274,15,3,1,"2,50,00,000",,Vikas Nahar,0,0
V-Ensure,Mumbai,Pharma,-0.0301,-0.0301,0.137,0.137,3,1,1,"1,00,00,000",,Sathyanarayana vemula,0,1
Chargeup,New Delhi,Renewables & Environment,0,0.2466,2.4164,5.3151,10,3,2,"25,00,000",Pre-series A,"Varun Goenka, Ankur Madan",0,1
RetainIQ,Bangalore,E-commerce,1.6685,9.337,7.3808,10.474,17,3,4,"23,00,000",Seed,"Sitakanta Ray, Arpit Gupta, Sulakshan Kumar",0,0
Adicube,Bangalore,Marketing & Advertising,1.8055,1.8055,,,1,0,1,"16,00,000",Pre-seed,Sreetam Panda,0,0
Com Olho,Gurgaon,Information Technology & Services,2.6986,4.0027,1,1,2,1,2,"20,00,000",Seed,Abhinav Bangia,1,0
CertifyMe,Bangalore,Information Technology & Services,9.1671,9.1973,,,0,0,2,Undisclosed,Seed,Ranjith Tharayil,1,0
Wholsum Foods,Gurgaon,Food & Beverages,0.011,2.0986,3.0904,3.7836,12,3,3,"70,00,000",,"Meghana Narayan, Shauravi Malik",0,1
SandLogic,Bangalore,Computer Software,0.6658,3.0384,2,5.0548,10,5,3,"40,00,000",Pre-series A,"Kamalakar Devaki, Jesudas Fernandes, Radhika Kanigiri, Ravi Kumar Rayana",0,0
Xoxoday,Bangalore,Computer Software,-0.5836,1.3425,0,1.5479,4,2,7,"3,00,00,000",,"Sumit Khandelwal, Manoj Agarwal, Abhishek Kumar, Kushal Agrawal",1,1
Shipsy,Gurgaon,Computer Software,-0.0219,2.0329,2.3151,3.1644,11,3,4,"2,50,00,000",Series B,"Soham, Himanshu Gupta, Dhruv Agrawal, Sahil Arora, Harsh Kumar",0,1
Arrivae,Mumbai,Furniture,2.0466,2.0466,,,2,0,1,"90,00,000",Series B,Yash Kela,0,0
IvyCap Ventures,Mumbai,Investment Management,3.5123,3.9562,3.9534,4.8356,5,3,2,"21,50,00,000",,Vikram Gupta,1,0
Finarkein Analytics,Pune,Information Technology & Services,3.9342,4.6822,4.0027,4.0027,3,1,2,Undisclosed,Seed,Nikhil Kurhe,0,0
StockDaddy,Gurgaon,E-learning,2.1616,5.6384,3.8329,7.6932,13,5,4,Undisclosed,,Alok Kumar,0,0
Prime Venture Partners,Bangalore,Venture Capital & Private Equity,5.4411,5.4411,,,1,0,1,"12,00,00,000",,"Shripati Acharya, Amit Somani, Sanjay Swamy",0,0
Bhanzu,Hyderabad,Education Management,1.1288,1.1288,1,2.6767,7,2,1,"20,00,000",Seed,Neelakantha Bhanu,0,0
Kalvi,Bangalore,Education Management,7.8877,10.6658,0.4137,0.4137,2,1,3,"17,00,000",Seed,Rajesh Kumar,1,0
Aastey,Mumbai,Apparel & Fashion,0.8822,0.8822,,,7,0,1,"13,00,000",Seed,"Kanupriya Mundhra, Jeevika Tyagi",1,0
Accelero Vehicles,New Delhi,Automotive,2.526,3.1041,3.0027,9.126,5,2,2,"2,00,000",Seed,Anant Jain,0,0
UP Funds,Bangalore,SaaS,4.0027,7.8712,0.1616,0.1616,5,1,2,"90,00,000",,Shekar Nair,1,0
Koo,Bangalore,Microblogging,1.1671,4.6658,,,1,0,3,"1,00,00,000",,"Aprameya Radhakrishna,Mayank Bidawatka",1,0
DaMENSCH,Bangalore,Apparel & Fashion,2.5726,2.5726,2.4795,4.6685,7,2,1,"1,00,00,000",Series B,"Anurag Saboo, Gaurav Pushkar",0,1
TestSigma,Bangalore,Information Technology & Services,0.1151,1.3397,1.8329,2.6712,24,2,2,"46,00,000",,"Rukmangada Kandyala, Pratheep Velicherla, Vikram Chaitanya, Rajesh Reddy",0,0
Upswing Financial Technologies,Mumbai,Financial Services,1.7479,4.8192,4.0027,4.8192,8,2,4,"40,00,000",,"Anupam Bagchi, Nihar Gupta",0,0
ClaimBuddy,Gurgaon,Hospital & Health Care,3.7233,3.7233,,,1,0,1,"30,00,000",Pre-series A,"Ajit Patel, Khet Singh",0,0
Mamaearth,Gurgaon,"Health, Wellness & Fitness",1.6986,6.5151,3.2849,4.9315,3,3,5,"5,20,00,000",,Varun Alagh,1,0
EsportsXO,Bangalore,Mobile Games,1.4082,1.4082,0,0,1,1,1,"10,00,000",Seed,"Utsav Umang, Rohit Raj, Vikas Goel",1,0
Geniemode,Gurgaon,Import & Export,4.2849,4.2849,2.4164,5.5151,7,2,1,"70,00,000",Series A,"Tanuj Gangwani, Amit Sharma",0,1
Exotel,Bangalore,Telecommunications,0.7507,3.0137,,,3,0,3,"4,00,00,000",Series D,Shivakumar Ganesan,1,0
Innoviti Payment Solutions,Bangalore,Financial Services,20.8055,20.8055,,,2,0,1,"1,00,00,000",,Rajeev Agrawal,0,0
Pine Labs,Noida,Information Technology & Services,5.789,5.789,,,1,0,1,"2,00,00,000",,Amrish Rau,0,0
Moneyboxx,Mumbai,Financial Services,0.0849,1.2712,,,5,0,3,"10,00,000",,MAYUR MODI,1,0
CASHe,Mumbai,Financial Services,2.3507,8.2822,1.0027,8.2849,16,2,4,"1,00,00,000",,Raman,1,0
iD Fresh Foods,Bangalore,Food Production,-0.4959,1.2548,2.1726,4.6,21,2,2,"6,00,00,000",Series D,"PC Musthafa, Abdul Naser",0,1
Freecultr,New Delhi,Apparel & Fashion,2.4658,4.8329,0.5863,5.6164,4,6,2,"50,00,000",Series,"Shrey Luthra, Harshit Vij",0,0
Udaan,Bangalore,B2B E-commerce,0,7.1068,6.0055,10.9041,9,3,3,"20,00,00,000",,"Amod Malviya, Vaibhav Gupta, Sujeet Kumar",1,0
LivFin,Gurgaon,Financial Services,1.0356,1.0356,0,1.0356,2,2,1,"20,00,000",,Rakesh Malhotra,0,1
Bambrew,Bangalore,Renewables & Environment,2.7233,2.7233,0.9151,6.3096,5,3,1,Vaibhav Anant,"Blue Ashva Capital, Supack Industries",Eradicating Single Use Plastic,0,1
Courseplay,Mumbai,E-learning,2.8356,3.1397,3.3781,3.7753,0,2,2,"4,00,000",Seed,Arjun Gupta,0,0
Dunzo,Bangalore,E-commerce,0.7945,2.9014,3.0493,6.5233,11,3,2,"24,00,00,000",,"Kabeer Biswas, Ankur Agarwal, Dalvir Suri, Mukund Jha",0,1
Rupifi,Bangalore,Financial Services,2.9178,4.7342,,,1,0,2,"2,50,00,000",Series A,"Anubhav Jain, Ankit Singh, Jawaid Iqbal",0,0
AarogyaAI,New Delhi,Hospital & Health Care,4.0137,4.0137,,,0,0,1,"7,00,000",Seed,"Praapti Jayaswal, Avlokita Tiwari",0,0
Avataar,Bangalore,3D AI company,0.411,0.411,0,2.5342,10,2,1,"4,50,00,000",Series B,"Prashanth Aluru, Sravanth Aluru, Gaurav Baid, Mayank Tiwari",0,0
Power Gummies,New Delhi,"Health, Wellness & Fitness",0.5315,1.9205,2.2548,2.9781,12,2,3,"60,00,000",Series A,Divij Bajaj,1,1
The ePlane Company,Chennai,Aviation & Aerospace,0.1452,0.5014,0.4959,3.011,10,3,2,"50,00,000",Pre-series A,"Satya Chakravarthy, Pranjal Mehta",0,1
Grip Invest,Gurgaon,Financial Services,10.7589,10.7589,,,0,0,1,"10,00,000",,"Nikhil Aggarwal, Vivek Gulati",0,0
Recykal,Hyderabad,Information Technology & Services,2.5671,5.6904,2.0027,2.0027,3,1,3,"2,20,00,000",,"Abhay Deshpande, Abhishek Deshpande",1,0
DMI Finance,New Delhi,Financial Services,1.0822,1.0822,6.0027,6.0027,12,1,1,"4,70,00,000",,Arindam Das,0,0
Rupeek,Bangalore,Financial Services,1.7479,1.7479,1,2.1096,4,2,1,"3,40,00,000",,Sumit Maniyar,0,1
Ippo Pay,Chennai,Financial Services,0,0.5808,0,0,1,1,2,"20,00,000",,Jai Kumar,0,1
OneDios,Noida,Information Technology & Services,0.9151,2.7753,3.0027,3.6466,6,2,2,"12,00,000",,Nitin Chawala,0,0
zeda.io,Bangalore,Computer Software,-0.7479,0.8192,-1.7507,0.2521,7,2,2,"12,00,000",Seed,"Vaibhav Devpura, Prashant Mahajan",0,1
Glamplus,Bangalore,Computer Software,0.7726,1.4959,-0.5863,3.7534,14,3,3,"7,00,000",,Divyanshu Singh,1,0
Refyne,Bangalore,Financial Services,0.7562,4.4137,2.7836,4.0027,14,2,4,"8,20,00,000",Series B,"Chitresh Sharma, Apoorv Kumar",1,0
Lendingkart,Ahmedabad,Financial Services,0.6795,4.5507,,,2,0,5,"59,00,000",,"Harshvardhan Lunia, Mukul Sachan",0,0
Muvin,Bangalore,Financial Services,6.1671,7.9205,8.0055,11.2548,6,3,3,"30,00,000",Pre-series A,"Vineet Gupta, Mukund Rao",1,0
Freadom,Gurgaon,E-learning,-1.011,1.4877,0.4055,1.3205,3,2,2,"25,00,000",,Nikhil Saraf,1,1
Traya,Mumbai,"Health, Wellness & Fitness",2.3178,4.2356,-0.3342,-0.3342,2,1,2,"22,00,000",Pre-series A,"Saloni Anand, Altaf Saiyed",1,0
Praan,Mumbai,Renewables & Environment,2.4192,5.4384,2.0027,2.0027,2,1,3,"15,00,000",,Angad Daryani,1,0
Pepul,Chennai,Computer Software,7.5315,7.5315,10.7342,10.7342,2,1,1,"13,00,000",Seed,Suresh Kumar,1,0
Kaleidofin,Chennai,Financial Services,1.0575,1.7699,1.0301,1.1123,6,2,3,"1,00,00,000",Series B,"Puneet Gupta, Sucharita Mukherjee",0,1
LEAD School,Mumbai,EdTech,0.6,4.2247,-0.7479,4.4767,9,2,3,"10,00,00,000",,"Sumeet Yashpal Mehta, Smita Deorah",0,0
Turnip,Bangalore,Online Media,6.1233,6.1233,6.0055,6.0055,9,1,1,"1,20,00,000",Series A,"Aditya Sharma, Pooja Dubey",1,0
Rooter,New Delhi,Mobile Games,1.8329,1.8329,1.7479,1.7479,4,1,1,"2,50,00,000",Series A,"Piyush Kumar, Dipesh Agarwal",0,1
ORAI Robotics,Bangalore,Information Technology & Services,5.1644,6.0055,,,1,0,3,"8,00,000",Pre-series A,"Swapnil Jain, Sujit Das Biswas",1,0
EVage,Chandigarh,Automotive,3.5288,3.5288,,,1,0,1,"2,80,00,000",Seed,Inderveer Singh,0,0
Chingari,Bangalore,Entertainment,1.5836,6.6466,5.0055,7.0877,4,2,3,"1,50,00,000",Series A,"Sumit Ghosh, Biswatma Nayak, Aditya Kothari, Deepak Salvi",0,0
Your-Space,New Delhi,Hospitality,0.2521,4.4055,3.3151,6.7918,27,3,5,"1,00,00,000",Series A,"Nidhi Kumra, Shubha Lal, Karan Kaushish",1,1
ZingHR,Mumbai,Information Technology & Services,0.5726,0.5726,5.1671,8.0082,12,2,1,"1,00,00,000",,Prasad Rajappan,0,0
HEAPS,Bangalore,"Health, Wellness & Fitness",0.9397,5.3178,,,13,0,5,"55,00,00,000",Series A,Dr Suman Katragadda,1,0
nCORE Games,Bangalore,Computer Games,0.7479,2.3315,2,2,6,1,2,"1,00,00,000",Series A,"Ganesh Hande, Arindam Mitra, Vishal Gondal",0,0
CarzSo India,Gurgaon,Automotive,2.0027,3.9178,3.0027,5.2192,8,3,3,"7,00,000",,Vaibhav Sharma,0,0
Edustoke,Bangalore,EdTech,1.9178,1.9178,2.0027,2.0027,4,1,1,"4,00,000",Seed,"Pawas Tyagi, Rohit Malik",0,0
NewsReach,Mumbai,Online Media,0,0.8959,2,2.6767,9,2,2,Undisclosed,,"Darshan Shah, Soniya Kundnani",0,0
Cloud Tailor,Hyderabad,Apparel & Fashion,1.6712,3.7863,4.6685,5.6849,11,2,3,"10,00,000",Pre-series A,"Susmitha, Rudra Lakkakula",0,0
Arya.Ag,Noida,AgriTech,1.8822,1.8822,1.3288,2.9479,6,2,1,"6,00,00,000",Series C,"Chattanathan Devarajan, Prasanna Rao, Chandra",0,0
Epigeneres Biotech,Mumbai,Biotechnology,3.4164,3.874,7.7534,7.7534,3,1,2,"6,00,00,000",Series B,Ashish Tripathi,1,0
INDmoney,Gurgaon,Financial Services,1.3041,2.6493,0,3.6767,4,2,3,"7,50,00,000",Series D,Ashish Kashyap,1,0
Addverb Technologies,Noida,Industrial Automation,4.1644,4.1644,5.5836,11.3918,5,5,2,"13,20,00,000",,"Sangeet Kumar, Prateek Jain, Bir Singh, Satish Kumar Shukla, Amit Kumar",0,0
Qarmatek,Ahmedabad,Telecommunications,5.6986,6.8877,,,2,0,2,"30,00,000",,"Arun Hattangadi, Krunal Shah",1,0
AppX,New Delhi,Tech startup,1.1836,1.1836,0.9178,0.9178,1,1,1,"13,00,000",,"Sameer Sadana, Anuj Gupta",0,0
MyCaptain,Bangalore,EdTech,0.2493,0.2493,0,0.7781,1,2,1,"30,00,000",Pre-series A,"Mohammed Zeeshan, Sameer Ramesh, Ruhan Naqash",0,1
Mivi,Hyderabad,Electrical & Electronic Manufacturing,3.1041,4.9205,5.0027,8.3534,10,5,2,Undisclosed,,"Viswanadh Kandula, Midhula",0,0
HUVIAiR,Bangalore,Computer Software,2.3068,9.4247,4.4986,11.4164,12,3,7,"32,00,000",Series A,"Vikshut Mundkur, Arjun P Janananda",1,0
Aerostrovilos Energy,Chennai,Machinery,1.2219,1.2219,0.7479,2.6849,2,3,1,"4,00,000",Seed,"Rohit Grover, Pradeep Thangappan",0,1
Scripbox,Bangalore,Financial Services,4.7068,4.7068,2.989,6.863,17,2,1,"2,10,00,000",Series D,"Ashok Kumar, Sanjiv Singhal",0,0
Pluckk,Mumbai,Food & Beverages,1.6658,3.6712,3.6658,3.6712,12,3,2,"50,00,000",Seed,Pratik Gupta,0,1
Dogsee Chew,Bangalore,Food & Beverages,1.9562,1.9562,1.0027,1.0027,5,1,1,"67,00,000",Series A,"Bhupendra Khanal, Sneh Sharma",0,0
Lummo,Bangalore,Entreprenurship,0.0027,0.0027,0.5836,0.5836,3,1,1,"8,00,00,000",Series C,"Krishnan, Lorenzo Peracchione",0,1
Threedots,Bangalore,Financial Services,4.0301,4.0301,3.0027,3.0027,5,1,1,"40,00,000",Seed,"Prakhar Bhardwaj, Rishu Garg, Akul Agarwal",0,0
MatchLog,Mumbai,Logistics & Supply Chain,1.3397,4.6548,1.3589,1.3753,0,2,5,"30,00,000",Pre-series,Dhruv Taneja,1,0
NowPurchase,Kolkata,B2B marketplace,4.3836,5.9562,5.4986,5.4986,5,1,2,"24,00,000",Seed,Naman Shah,1,0
Sahicoin,Gurgaon,Financial Services,2.063,6.6137,,,5,0,4,"17,50,000",Seed,"Ankush Rajput, Amit Nayak, Melbin Thomas",1,0
Finsall,Bangalore,Financial Services,2.3479,3.4301,2.3562,4.0027,4,2,2,"10,00,000",Pre-series A,"Prabal Khanna, Tim Mathews",0,0
GameEon Studio,Mumbai,Computer Games,2.5233,2.6685,3.0027,4.4247,11,3,2,"2,00,000",,Nikhil Malankar,0,0
Trainn,Chennai,Computer Software,2.0685,2.0685,2.5808,4.3671,6,3,1,"7,00,000",Seed,"Vivekanandhan Natarajan, Sumana Abirami Ammaiyappan",1,0
Diginoor,Chennai,Information Technology & Services,0,0,0,0,2,1,1,"10,00,000",Seed,"Shaamil Karim, Yash Rathod",0,1
Pi Ventures,Bangalore,Venture Capital & Private Equity,0.7288,3.6055,1.589,4.1041,5,3,5,"4,00,00,000",,Manish,1,1
SaaS Labs,Noida,SaaS,2.8055,2.8055,3.0027,4.6493,6,2,1,"4,20,00,000",Series B,Gaurav Sharma,1,0
StockGro,Bangalore,Financial Services,0.7452,4.9178,3.0438,6.8411,30,5,6,"3,20,00,000",Series A,Ajay Lakhotia,1,0
GIVA,Bangalore,Luxury Goods & Jewelry,0.3315,4.0027,2.3644,3.6685,8,3,4,"1,00,00,000",Series A,"Ishendra Agarwal, Nikita Prasad, Sachin Shetty",1,1
toothsi,Mumbai,"Health, Wellness & Fitness",0.6959,1.189,0.663,2.6247,5,3,2,"90,00,000",,"Dr Arpi Mehta, Dr Pravin Shetty, Dr Manjul Jain, Dr Anirudh Kale",0,1
Zuper,Chennai,Information Technology & Services,2.0603,6.2301,,,7,0,3,"1,30,00,000",Series A,"Karthik V, Vijay Narasiman",1,0
CellStrat,Bangalore,Computer Software,3.1479,4.8795,5.0027,5.0027,5,1,2,"1,40,000",,"Vivek, Vishal Singhal",1,0
StanPlus,Hyderabad,Hospital & Health Care,1.5808,1.5808,2.2521,2.5342,14,2,1,"2,00,00,000",Series A,"Prabhdeep Singh, Antoine Poirson, Jose Leon",0,0
Hospals,New Delhi,Hospital & Health Care,1.5151,1.7644,0.7479,0.7479,6,1,2,"35,00,000",Pre-series A,"Danish Ahmed, Obaidullah, Suneel Kapur",1,1
HYPD,New Delhi,E-commerce,0.7123,2.2849,1.9507,2.2822,5,2,2,"15,00,000",Seed,"Ashwarya Garg, Akshay Bhatnagar",1,0
Oben Electric,Bangalore,Automotive,3.6329,3.6329,1.1479,3.7781,4,4,1,"10,00,000",Seed,"Madhumita Agarwal, Dinkar Agarwal",1,0
SustainKart,Hyderabad,E-commerce,0.411,3.9699,4.2521,5.7671,13,4,4,"5,00,000",Pre-seed,"Shilpa Reddy, Kanthi Dutt",0,0
Super Scholar,Mumbai,Education Management,4.9068,8.1014,,,3,0,3,"4,00,000",,"Rohan Lodha, Priyes Bamne",1,0
NowPurchase,Kolkata,Metal manufacturing,0.5014,2.4219,2.8192,5.8849,21,3,3,"24,00,000",Seed,"Naman Shah, Aakash Shah",0,0
Darwinbox,Bangalore,Information Technology & Services,4.1836,7.1342,5.0027,5.0027,8,1,3,"7,20,00,000",Series D,"Chaitanya Peddi, Jayant Paleti, Rohit Chennamaneni",1,0
Flint,Bangalore,Financial Services,2.9288,4.6329,,,13,0,2,"50,00,000",Seed,"Akshit Bordia, Anshu Agrawal",0,0
Vajro,Chennai,Computer Software,0.6192,1.5863,,,2,0,2,"85,00,000",Series A,"Niwin Santhosh, Raghuraman Ramamurthy",0,1
Raise Financial,Mumbai,Financial Services,10.5315,10.5315,,,0,0,1,"2,20,00,000",Series A,Pravin Jadhav,1,0
Desi Hangover,Mumbai,Apparel & Fashion,3.8685,3.8685,3.8301,4.0877,7,2,1,"18,00,000",,"Hitesh Kenjale, Lakshya Arora, Abha Agarwal",0,1
Vyapar,Bangalore,Financial Services,6.737,8.2877,6.7534,6.7534,5,1,2,"3,00,00,000",Series B,"Shubham Agrawal, Sumit Agarwal",0,0
MinIO,Bangalore,Computer Software,4.6521,8.1288,6.0055,6.0055,4,1,4,"10,00,00,000",Series B,"Anand Babu Periasamy, Harshavardhana, Garima Kapoor",1,0
Growth School,Bangalore,E-learning,0.7397,1.1425,0.5808,0.5808,15,1,2,"50,00,000",Seed,Vaibhav Sisinty,0,0
Kissht,Mumbai,Financial Services,5.6849,6.3151,5.0055,5.0055,4,1,2,"1,00,00,000",,Krishnan Viswanathan,1,0
iMocha,Pune,Computer Software,0.7479,2.7507,1.5836,4.5315,5,2,2,"1,40,00,000",Series A,"Amit Mishra, Sujit Karpe",0,0
Our Food,Hyderabad,Food Production,6.4767,7.3507,5.0055,5.0055,2,1,2,"60,00,000",,"Reddy, Raghu Prasad Mulukoju, Shashikanth Menchu",0,0
o9 Solutions,Bangalore,Computer Software,1.1616,3.0384,3.2658,5.5397,7,2,2,"29,50,00,000",,"Sanjiv Sidhu, Chakri Gottemukkala",0,0
Hike,New Delhi,Social Media,0.8932,0.8932,0.8329,4.2137,8,4,1,Undisclosed,,Kavin Bharti Mittal,0,1
SuperOps.ai,Chennai,Computer Software,1.4986,4.4247,4.0877,9.737,15,4,4,"1,40,00,000",Series A,Arvind Parthiban,0,0
Aqgromalin,Chennai,Farming,3,5.0027,9.6247,10.3945,16,2,2,"50,00,000",Pre-series A,"Bharani CL, Prasanna Manogaran",0,1
Ekank Technologies,New Delhi,Software,4.0849,5.5836,,,2,0,2,"10,00,000",,"Chandranshu, Chetan Rexwal",0,0
Broomees,New Delhi,Information Technology & Services,3.5041,5.4438,,,3,0,2,"6,00,000",,"Vaibhav Agrawal, Saurav Kumar",1,0
Moglix',Noida,Software,3.4301,5.5589,7.8384,7.8384,10,1,3,"25,00,00,000",Series F,Rahul Garg,0,0
Social Swag,Mumbai,E-learning,0.4685,0.4685,1.1041,1.6795,5,3,1,"35,00,000",,"Rana Daggubati, Akshay Kumar",0,0
MoooFarm,Gurgaon,Information Technology & Services,0,0,,,1,0,1,"24,00,000",Seed,"Param Singh, Aashna Singh, Abhijeet Mittal, Jitesh Arora",0,0
Infurnia,Bangalore,Information Technology & Services,0.8164,5.5616,4.5562,7.9863,8,3,4,"5,00,000",,"Nikhil Kuma, Lovepreet Mann",0,0
Bold Finance,Mumbai,Financial Services,1.8384,8.3397,5.674,13.5562,4,5,2,Undisclosed,Seed,"Nikhil Jain, Durgesh Suthar",0,1
VDOC,Gurgaon,"Health, Wellness & Fitness",2.2986,3.211,3.5945,4.5753,4,3,2,Undisclosed,Seed,"Sanjeev Malhotra, Siddharth Sharma",0,0
Kisanwala,Hyderabad,Information Technology & Services,0.0329,2.2055,4.5151,6.9123,12,6,3,"10,00,000",,"Gundala MadhuSudanReddy, Parag Modi",0,1
Burgerama,Gurgaon,Food & Beverages,1.1699,1.4986,0.0849,5.3863,3,4,2,"7,00,000",Pre-series A,"Kabir Bose, Vivek Prakash, Viraaj Badhwar",0,1
ZFW,New Delhi,D2C,0,0,,,3,0,1,"4,15,000",Seed,Madhav Kasturia,0,1
PlantVita,Mumbai,"Health, Wellness & Fitness",5.1041,8.6411,5.6712,6.8986,10,2,3,Undisclosed,Seed,"Anmol Choubey, Sahil Shah",1,0
Locofast,New Delhi,Textiles,4.9562,10.3151,,,0,0,4,"1,50,00,000",Series A,"Deepak, Mohit Piplani",1,0
Snapmint,Mumbai,Financial Services,2.2411,4.0301,,,3,0,2,"90,00,000",Series A,"Nalin Agrawal, Anil Gelra, Abhineet Sawa, Rahul Agarwal",0,0
Kuhoo,Mumbai,Financial Services,1.2466,2.0849,2.4986,5.3233,4,3,2,"2,00,00,000",Seed,Prashant A. Bhonsle,0,1
RupeeRedee,Gurgaon,Financial Services,1.5616,1.5616,1.2438,1.7726,6,3,1,"11,00,000",Series B,Jitin Bhasin,0,1
Strawcture Eco,New Delhi,Building Materials,2.4493,2.4493,,,0,0,2,"3,75,000",Seed,Shriti Pandey,1,1
WYLD,Mumbai,Consumer Services,11.3342,11.3342,,,3,0,1,"3,50,000",Pre-seed,Dishant Sanghvi,1,0
Bebe Burp,Surat,Food & Beverages,6.8932,10.4082,,,5,0,3,"2,80,000",Seed,"Shruti Tibrewal, Bharat Tibrewal, Chirag Gupta",1,0
Prozo,Noida,Logistics & Supply Chain,4.6685,9.1178,9.7534,12.8027,33,4,3,"1,00,00,000",Series A,Ashvini Jakhar,0,0
Pocketly,Bangalore,Financial Services,1.137,3.737,2.463,3.2164,14,3,3,"30,00,000",Pre-series A,"Aarav Bhatia, Navdeesh Ahuja",0,0
Zapkey,Mumbai,Real Estate,0.7205,2.4356,0.7671,2.7918,7,2,2,"20,00,000",Seed,"Shubhankar, Sandeep Reddy, Raja Seetharaman",0,0
Black Bow,New Delhi,Wine & Spirits,4.0384,4.0384,6.0027,6.0027,10,1,1,"8,00,000",Pre-series A,Shivam Ginglani,0,0
Lobb,Bangalore,Transportation/Trucking/Railroad,0.7479,2.0959,1.6548,2.0959,6,3,2,"11,00,000",Pre-series A,"Jayaram Raju, Venu Kondur",0,1
Beatoven AI,Bangalore,Computer Software,3.8192,6.0932,9.0055,9.7726,3,2,2,"10,00,000",Seed,"Mansoor Rahimat Khan, Siddharth Bhardwaj",1,0
Ensologic,New Delhi,International Trade & Development,1.2493,1.2493,2.589,2.589,6,1,1,"5,20,000",Seed,"Anil Agrawal, Kunal Jain",0,0
Eat Better Ventures,Jaipur,Food & Beverages,0,0,1.2521,1.2521,4,1,1,"7,00,000",Seed,"Mridula Kanoria, Shaurya Kanoria",0,1
AjnaLens,Thane,Computer Hardware,0.463,0.463,1.2795,1.8192,16,2,1,"15,00,000",,"Pankaj Raut, Abhishek Tomar, Abhijit Patil",0,0
Just Dogs,Retail,Ahmedabad,2.0027,4.3863,1.5836,4.1918,7,2,4,"70,00,000",,"Ashish, Poorvi Anthony",0,1
Filo,Haryana,E-learning,4.2384,4.2384,,,1,0,1,"2,30,00,000",Series A,"Imbesat Ahmad, Shadman Anwer, Rohit Kumar",0,0
Pocket FM,Bangalore,Audio OTT,1.4712,1.4712,1.0027,1.4712,5,2,1,"6,50,00,000",Series C,"Nishanth KS, Prateek Dixit, Rohan Nayak",0,0
TABPS Pets,Coimbatore,Food Production,1.5041,5.8356,6.1699,8.3534,25,2,6,"5,00,000",Seed,Brindha Vijay Kumar,1,0
QPe,New Delhi,E-commerce,1.6849,5.8493,8.4219,8.4219,4,1,3,Undisclosed,Seed,"Manish Kaushik, Mohit Choudhary",0,0
Bonsaro,Mumbai,FoodTech,2.189,2.189,,,32,0,1,Undisclosed,,"Sachin Shetty, Vinay Dsilva",0,0
Chhotastock,Bangalore,Financial Services,0.4192,1.4658,3.1315,4.137,12,3,2,Undisclosed,Pre-seed,Mithun Tantri,0,0
Junio,New Delhi,Financial Services,0.6932,1.4986,3.4164,3.4164,9,1,2,"60,00,000",Pre-series A,"Ankit Gera, Shankar Nath",0,0
CredAvenue,Chennai,Financial Services,1.4411,6.6795,2,2,7,1,4,"13,70,00,000",Series B,"Gaurav Kumar, Vineet Sukumar",1,0
Captain Fresh,Bangalore,Logistics & Supply Chain,-0.2466,-0.2466,-0.4082,7.4548,9,4,1,"5,00,00,000",Series C,Utham Gowda,0,0
Otipy,Haryana,AgriTech,5.1397,5.1397,7.0055,7.0055,2,1,1,"3,20,00,000",Series B,Varun Khurana,1,0
CureSkin,Bangalore,"Health, Wellness & Fitness",1.0877,1.0877,5.0959,7.3863,15,2,1,"50,00,000",Series A,"Guna Kakulapati, Rama Rajanna, Charu Sharma",0,0
Hiver,Bangalore,Computer Software,1.0356,2.1479,1.5808,1.5808,2,1,2,"2,20,00,000",Series B,"Niraj, Nitish Nandy",1,0
Gamerji,Ahmedabad,Sports,1.1644,1.3507,1.3507,3.3315,13,2,2,"10,00,000",Pre-series A,Soham Thacker,0,0
PensionBox,Bangalore,Financial Service,0.8301,2.8329,1.0877,3.337,17,4,3,"1,60,000",,"Kuldeep Parashar, Shivam Parashar",0,1
Adyaway,Gurgaon,Consumer Goods,-1.0521,0.6247,-1.3589,1.663,11,3,2,Undisclosed,,Keshav Kumar,1,0
Perfios,Bangalore,FinTech,1.2137,3.0082,,,4,0,2,"6,80,00,000",,V.R. Govindarajan,0,0
Emeritus,Mumbai,EdTech,1.2466,2.1616,2,3.8137,14,4,2,"35,00,00,000",,Ashwin Damera,0,0
Propdial,Gurgaon,Real Estate,0.7123,4.2301,2.6685,3.0575,8,2,3,"1,00,000",,"Ajay Mishra, Gopal Mishra, Vinay Prajapati",0,0
Oorjaa,Mumbai,Logistics & Supply Chain,0.6685,6.2795,2.7945,7.4493,16,3,5,"10,00,000",,"Sandeep Patil, Prashant Mohite, Yogesh Parab",0,1
Blue Tokai,New Delhi,Food & Beverages,4.8247,4.8247,0.2466,0.2466,1,1,1,Undisclosed,Pre-series B,"Namrata Asthana, Matt Chitharanjan",1,0
Money View,Bangalore,Financial Services,1,3.1863,2.4301,7.6247,5,3,2,"7,50,00,000",Series D,Puneet Agarwal,0,1
CredoPay,Chennai,Financial Services,0.2055,4.3973,3.4164,3.4164,6,1,4,"50,00,000",Pre-series A,Dore Swamy,0,0
Loco,Bangalore,Entertainment,0.5397,1.5014,-14.1699,2.2082,6,2,2,"4,00,00,000",Series A,"Anirudh Pandita, Ashwin Suresh",1,1
Kuku FM,Mumbai,Entertainment,0,0,3.5918,4.326,0,2,1,"2,00,00,000",Series B,"Lal Chand Bisu, Vinod Meena, Vikas Goyal",0,1
Metasky,Bangalore,Information Technology & Services,2.3452,2.3452,,,0,0,1,"20,00,000",Pre-seed,"Ankit Arora, Prakhar Sharma",0,0
Mentor Match,Chennai,E-learning,0.0822,4.326,3.663,5.611,12,5,7,"10,00,000",Pre-seed,"Rohit Raheja, Rayhaan Shaik, Sachit Duga",1,1
Nutrify Today,Bangalore,International Trade & Development,5.5945,5.5945,,,3,0,1,"5,00,000",Seed,Amit Srivastava,1,0
Data Science Wizards,Mumbai,Information Technology & Services,0.6712,0.6712,0,0.7562,3,2,1,Undisclosed,,"Sandeep Khuperkar,Shivam Thakkar",0,1
SustainKart,Hyderabad,E-commerce,1,1,3.811,4.9178,6,3,1,Undisclosed,,"Shilpa Reddy, Kanthi Dutt",0,0
HooLiv,New Delhi,Hospitality,6.8356,8.3096,,,5,0,2,Undisclosed,,"Chinmoy Mishra, Gaurav Vij, Abhishek Verma",1,0
Birdeye,Gurgaon,Computer Software,2.0027,6.2274,4.0027,10.7616,8,2,3,"6,00,00,000",Series C,"Naveen Gupta, Neeraj Gupta",0,0
Ferns N Petals,New Delhi,Retail,1.3425,1.726,-0.0822,1.7205,8,2,2,"2,70,00,000",,"Meeta Gutgutia, Vikaas Gutgutia",0,1
inFeedo,Gurgaon,Human Resources,4.0027,5.7534,5.9233,6,6,2,4,"1,20,00,000",Series A,"Tanmaya Jain, Varun Puri",0,0
Licious,Bangalore,Food & Beverages,0.5808,5.2521,3.0877,4.1699,11,2,4,"15,00,00,000",Series F2,"Vivek Gupta, Abhay Hanjura",0,1
BlueStone,Bangalore,Luxury Goods & Jewelry,3.6877,5.9644,,,7,0,2,"3,00,00,000",,Gaurav singh kushwaha,1,0
LILA Games,Bangalore,Entertainment,7.3534,8.126,11.0329,11.0575,13,2,2,"1,00,00,000",Series A,"Joseph Kim, Paul Leydon, Avinash Pandey",0,0
Excellent Publicity,Ahmedabad,Marketing & Advertising,3.6027,3.6027,3.0027,3.0027,2,1,1,"5,00,000",,Manan Joshi,0,0
Growfitter,Mumbai,"Health, Wellness & Fitness",-1.9863,-1.9863,,,3,0,1,"10,00,000",Pre-series A,Sanmati Pande,1,0
GPS Renewables,Bangalore,Renewables & Environment,16.4192,16.4192,,,0,0,1,Undisclosed,Series B,Mainak Chakraborty,0,0
Cosmofeed,Gurgaon,Content monetisation platform,1.337,1.337,1.3479,1.3479,3,1,1,"15,00,000",Seed,"Vivek Yadav, Vishnu Pathak",0,0
Shipskart,New Delhi,Maritime,1.1123,1.937,0,1.1123,3,2,2,"27,00,000",Series A,"Dhruv Sawhney, Sunny Bagla, Vivek Sahi",0,0
We360.ai,Bhopal,Information Technology & Services,0.3699,0.3699,1.9507,8.3178,5,4,1,"5,00,000",,Arnav Gupta,0,0
Amagi,Bangalore,Broadcast Media,4.0877,5.5753,4.0027,4.0027,8,1,2,"9,50,00,000",,"KA Srinivasan, Srividhya Srinivasan, Baskar Subramanian",0,0
ekincare,Hyderabad,"Health, Wellness & Fitness",3.3945,5.0712,5.7233,8.7342,3,2,2,"1,50,00,000",Series B,"Kiran Kalakuntla, Srikanth Samudrala, Dr Noel Coutinho",0,0
Logically,Mysore,Information Technology & Services,4.3151,5.8301,,,1,0,2,"2,40,00,000",,Lyric Jain,0,0
CommerceIQ,Bangalore,Software Development,2.4767,4.3836,3.3945,4.9863,10,2,3,"11,50,00,000",Series D,Guru Hariharan,1,0
Leverage Edu,New Delhi,Higher Education,0.4137,0.4137,6.8329,8.874,9,3,1,"2,20,00,000",Series B,Akshay Chaturvedi,0,1
Aquaconnect,Chennai,Fisheries,2.3342,6.9671,4.0027,8.3014,11,3,3,"70,00,000",,Rajamanohar Somasundaram,1,1
O'hi,Jaipur,Internet Publishing,4.0877,9.3068,6.0027,6.0027,5,1,3,"3,00,000",Seed,"Rupal Sharma, Adeeti Singh",1,0
Oxyzo,Gurgaon,Financial Services,1.7863,3.3014,2.0822,2.3288,8,2,3,"20,00,00,000",Series A,"Asish Mohapatra, Ruchi Kalra",0,1
Stack Finance,Bangalore,Financial Services,1.4082,1.9068,-0.1616,1.8384,5,2,2,Undisclosed,,"Smriti Tomar, Tushar Vyas, Vidit Varshney, Yashwardhan Pauranik",0,1
Plum,Mumbai,Skincare,5.9014,7.2904,,,1,0,4,"3,50,00,000",Series C,Shankar Prasad,1,0
Stanza Living,New Delhi,Hospiitality,0.8301,1.0986,1.1014,1.1616,6,2,2,"5,70,00,000",,"Anindya Dutta, Sandeep Dalmia",0,1
SIDBI Venture Capital,Mumbai,Venture Capital and Private Equity Principals,4.0027,4.0055,4.0027,4.0027,2,1,2,"6,00,00,000",,Debashis Ghosh,1,0
Aye Finance,Gurgaon,Financial Services,0.0548,0.0548,0.0685,0.4,4,2,1,"90,00,000",,"Vikram Jetley, Sanjay Sharma",0,1
MedisimVR,Chennai,Hospitals and Health Care,2.3562,3.4274,3.0027,5.3425,4,2,2,"4,00,000",Pre-series A,"Sabarish Chandrasekaran, Adith Chinnaswami",0,0
Pickyourtrail,Chennai,Travel Arrangements,0,5.063,5.0055,5.7945,10,2,3,Undisclosed,,"Srinath Shankar,Hari Ganapathy",0,0
The Ayurveda Co,Gurgaon,Manufacturing,0,0,0.737,0.737,2,1,1,"30,00,000",,"Param Bhargava, Shreedha Singh",0,1
Vivriti Capital,Chennai,Financial Services,-0.0849,-0.0849,,,3,0,1,"5,50,00,000",Series C,"Gaurav Kumar, Vineet Sukumar",0,1
Pixxel,Bangalore,Defense and Space Manufacturing,0.9178,2.7288,2.4164,2.7288,8,3,3,"2,50,00,000",Series A,"Awais Ahmed, Kshitij Khandelwal",1,0
EdgeGrid,Hyderabad,Software Development,0.4712,0.4712,0,0.9178,12,2,1,"60,00,000",Seed,"Sunil Talla, Prasad Yerneni",0,1
Classplus,Noida,EdTech,1.9342,4.0438,2.0027,10.189,2,3,2,"7,00,00,000",Series D,"Mukul Rustagi, Bhaswat Agarwal",0,0
Pep Technologies Pvt Ltd,Mumbai,D2C,7.4904,7.874,7.0055,7.0055,6,1,2,"3,00,00,000",Series C,"Tarun Sharma, Vikas Lachhwani",1,0
Qure.ai,Mumbai,Medical Equipment Manufacturing,0.6548,3.5452,3.8438,6.5589,27,5,3,"4,00,00,000",,Prashant Warier,0,0
Pine Labs,Noida,IT Services and IT Consulting,1.0027,1.0027,1.1644,3.5699,2,2,1,"5,00,00,000",,Amrish Rau,1,0
OSlash,Bangalore,Software Development,1.6712,1.6712,,,3,0,1,"50,00,000",Post-seed,"Ankit Pansari, Shoaib Khan",0,0
SuperK,"Small Towns, Andhra",Retail,1.2384,4.9726,1,1,1,1,5,"55,00,000",Pre-series A,"Neeraj Menta, Anil Thontepu",0,0
CARD91,Bangalore,Financial Services,2.8247,2.8247,0,2.8219,1,2,1,"1,30,00,000",Pre-series A,"Vineet Saxena, Ajay Pandey, Kush Srivastava",1,0
FarMart,Gurgaon,Farming,0.5014,3.2959,2.0685,6.9973,18,4,3,"3,20,00,000",Series B,"Alekh Sanghera, Mehtab Singh",1,0
Pi Beam Electric,Chennai,Motor Vehicle Manufacturing,3.6986,4.1041,,,4,0,2,"17,00,000",Pre-series A,Visakh Sasikumar,0,0
Seekho.ai,Gurgaon,E-Learning Providers,4.3041,4.3041,,,0,0,1,"30,00,000",Pre-series A,"Divya Jain, Ajeet Singh Kushwaha, Arihant Jain",1,0
